USE socialNetwork;
INSERT INTO `Account` (`account_ID`,`account_Name`,`password`,`firstName`,`lastName`,`sex`,`birthdate`,`lastLoginTime`) VALUES (5,'Jond1','ps1',NULL,NULL,NULL,NULL,'2020-04-03 13:25:50');
INSERT INTO `Account` (`account_ID`,`account_Name`,`password`,`firstName`,`lastName`,`sex`,`birthdate`,`lastLoginTime`) VALUES (6,'bawang','sad1',NULL,NULL,NULL,NULL,'2020-04-03 16:16:36');
INSERT INTO `Account` (`account_ID`,`account_Name`,`password`,`firstName`,`lastName`,`sex`,`birthdate`,`lastLoginTime`) VALUES (7,'r269zhang','ps123',NULL,NULL,NULL,NULL,'2020-04-03 16:08:11');
INSERT INTO `Account` (`account_ID`,`account_Name`,`password`,`firstName`,`lastName`,`sex`,`birthdate`,`lastLoginTime`) VALUES (8,'bawang2','12345',NULL,NULL,NULL,NULL,'2020-04-03 11:40:01');
INSERT INTO `Account` (`account_ID`,`account_Name`,`password`,`firstName`,`lastName`,`sex`,`birthdate`,`lastLoginTime`) VALUES (9,'x243ma','jkl',NULL,NULL,NULL,NULL,'2020-04-03 15:59:50');
INSERT INTO `Account` (`account_ID`,`account_Name`,`password`,`firstName`,`lastName`,`sex`,`birthdate`,`lastLoginTime`) VALUES (10,'JetBlueNews','1292390400',NULL,NULL,NULL,NULL,'2020-04-10 14:53:40');
INSERT INTO `Account` (`account_ID`,`account_Name`,`password`,`firstName`,`lastName`,`sex`,`birthdate`,`lastLoginTime`) VALUES (11,'nesi_1992','1741189120',NULL,NULL,NULL,NULL,'2020-04-10 14:53:40');
INSERT INTO `Account` (`account_ID`,`account_Name`,`password`,`firstName`,`lastName`,`sex`,`birthdate`,`lastLoginTime`) VALUES (12,'CPoutloud','-1542963200',NULL,NULL,NULL,NULL,'2020-04-10 14:53:40');
INSERT INTO `Account` (`account_ID`,`account_Name`,`password`,`firstName`,`lastName`,`sex`,`birthdate`,`lastLoginTime`) VALUES (13,'brenduch','2059558914',NULL,NULL,NULL,NULL,'2020-04-10 14:53:40');
INSERT INTO `Account` (`account_ID`,`account_Name`,`password`,`firstName`,`lastName`,`sex`,`birthdate`,`lastLoginTime`) VALUES (14,'VahidESQ','423759872',NULL,NULL,NULL,NULL,'2020-04-10 14:53:40');
INSERT INTO `Account` (`account_ID`,`account_Name`,`password`,`firstName`,`lastName`,`sex`,`birthdate`,`lastLoginTime`) VALUES (16,'CRomerDome','1241665536',NULL,NULL,NULL,NULL,'2020-04-10 14:53:40');
INSERT INTO `Account` (`account_ID`,`account_Name`,`password`,`firstName`,`lastName`,`sex`,`birthdate`,`lastLoginTime`) VALUES (17,'JustOGG','2038956033',NULL,NULL,NULL,NULL,'2020-04-10 14:53:40');
INSERT INTO `Account` (`account_ID`,`account_Name`,`password`,`firstName`,`lastName`,`sex`,`birthdate`,`lastLoginTime`) VALUES (18,'mrshossruns','1703440384',NULL,NULL,NULL,NULL,'2020-04-10 14:53:40');
INSERT INTO `Account` (`account_ID`,`account_Name`,`password`,`firstName`,`lastName`,`sex`,`birthdate`,`lastLoginTime`) VALUES (19,'feliciastoler','-951549952',NULL,NULL,NULL,NULL,'2020-04-10 14:53:40');
INSERT INTO `Account` (`account_ID`,`account_Name`,`password`,`firstName`,`lastName`,`sex`,`birthdate`,`lastLoginTime`) VALUES (20,'markhlyon','474492928',NULL,NULL,NULL,NULL,'2020-04-10 14:53:40');
INSERT INTO `Account` (`account_ID`,`account_Name`,`password`,`firstName`,`lastName`,`sex`,`birthdate`,`lastLoginTime`) VALUES (21,'DBsViewOnThings','-419299328',NULL,NULL,NULL,NULL,'2020-04-10 14:53:40');
INSERT INTO `Account` (`account_ID`,`account_Name`,`password`,`firstName`,`lastName`,`sex`,`birthdate`,`lastLoginTime`) VALUES (22,'ljsbrooks','1535275011',NULL,NULL,NULL,NULL,'2020-04-10 14:53:40');
INSERT INTO `Account` (`account_ID`,`account_Name`,`password`,`firstName`,`lastName`,`sex`,`birthdate`,`lastLoginTime`) VALUES (23,'gwaki','1174949888',NULL,NULL,NULL,NULL,'2020-04-10 14:53:40');
INSERT INTO `Account` (`account_ID`,`account_Name`,`password`,`firstName`,`lastName`,`sex`,`birthdate`,`lastLoginTime`) VALUES (24,'ashenfaced','-410517503',NULL,NULL,NULL,NULL,'2020-04-10 14:53:40');
INSERT INTO `Account` (`account_ID`,`account_Name`,`password`,`firstName`,`lastName`,`sex`,`birthdate`,`lastLoginTime`) VALUES (25,'rjp1208','-406712319',NULL,NULL,NULL,NULL,'2020-04-10 14:53:40');
INSERT INTO `Account` (`account_ID`,`account_Name`,`password`,`firstName`,`lastName`,`sex`,`birthdate`,`lastLoginTime`) VALUES (26,'hannahtorney','1514688512',NULL,NULL,NULL,NULL,'2020-04-10 14:53:40');
INSERT INTO `Account` (`account_ID`,`account_Name`,`password`,`firstName`,`lastName`,`sex`,`birthdate`,`lastLoginTime`) VALUES (27,'followkashyap','167927808',NULL,NULL,NULL,NULL,'2020-04-10 14:53:40');
INSERT INTO `Account` (`account_ID`,`account_Name`,`password`,`firstName`,`lastName`,`sex`,`birthdate`,`lastLoginTime`) VALUES (28,'BritishAirNews','381812736',NULL,NULL,NULL,NULL,'2020-04-10 14:53:40');
INSERT INTO `Account` (`account_ID`,`account_Name`,`password`,`firstName`,`lastName`,`sex`,`birthdate`,`lastLoginTime`) VALUES (29,'sevnthstar','-364756992',NULL,NULL,NULL,NULL,'2020-04-10 14:53:40');
INSERT INTO `Account` (`account_ID`,`account_Name`,`password`,`firstName`,`lastName`,`sex`,`birthdate`,`lastLoginTime`) VALUES (30,'twinkletaters','-1962409984',NULL,NULL,NULL,NULL,'2020-04-10 14:53:40');
INSERT INTO `Account` (`account_ID`,`account_Name`,`password`,`firstName`,`lastName`,`sex`,`birthdate`,`lastLoginTime`) VALUES (31,'MiKasuga','-788385792',NULL,NULL,NULL,NULL,'2020-04-10 14:53:40');
INSERT INTO `Account` (`account_ID`,`account_Name`,`password`,`firstName`,`lastName`,`sex`,`birthdate`,`lastLoginTime`) VALUES (32,'WorkingWify','1795317760',NULL,NULL,NULL,NULL,'2020-04-10 14:53:40');
INSERT INTO `Account` (`account_ID`,`account_Name`,`password`,`firstName`,`lastName`,`sex`,`birthdate`,`lastLoginTime`) VALUES (33,'DonnyYardas','1875378176',NULL,NULL,NULL,NULL,'2020-04-10 14:53:40');
INSERT INTO `Account` (`account_ID`,`account_Name`,`password`,`firstName`,`lastName`,`sex`,`birthdate`,`lastLoginTime`) VALUES (34,'TravellerLukose','-276287488',NULL,NULL,NULL,NULL,'2020-04-10 14:53:40');
INSERT INTO `Account` (`account_ID`,`account_Name`,`password`,`firstName`,`lastName`,`sex`,`birthdate`,`lastLoginTime`) VALUES (35,'Tinygami','1820864513',NULL,NULL,NULL,NULL,'2020-04-10 14:53:40');
INSERT INTO `Account` (`account_ID`,`account_Name`,`password`,`firstName`,`lastName`,`sex`,`birthdate`,`lastLoginTime`) VALUES (36,'AsianAdidasGirl','-1178439677',NULL,NULL,NULL,NULL,'2020-04-10 14:53:40');
INSERT INTO `Account` (`account_ID`,`account_Name`,`password`,`firstName`,`lastName`,`sex`,`birthdate`,`lastLoginTime`) VALUES (37,'DubCook','725753858',NULL,NULL,NULL,NULL,'2020-04-10 14:53:40');
INSERT INTO `Account` (`account_ID`,`account_Name`,`password`,`firstName`,`lastName`,`sex`,`birthdate`,`lastLoginTime`) VALUES (38,'kabell87','839393280',NULL,NULL,NULL,NULL,'2020-04-10 14:53:40');
INSERT INTO `Account` (`account_ID`,`account_Name`,`password`,`firstName`,`lastName`,`sex`,`birthdate`,`lastLoginTime`) VALUES (39,'JulianBOGJB','1065885696',NULL,NULL,NULL,NULL,'2020-04-10 14:53:40');
INSERT INTO `Account` (`account_ID`,`account_Name`,`password`,`firstName`,`lastName`,`sex`,`birthdate`,`lastLoginTime`) VALUES (40,'MMKuderka','1803702273',NULL,NULL,NULL,NULL,'2020-04-10 14:53:40');
INSERT INTO `Account` (`account_ID`,`account_Name`,`password`,`firstName`,`lastName`,`sex`,`birthdate`,`lastLoginTime`) VALUES (42,'EBlaikie','-1602076671',NULL,NULL,NULL,NULL,'2020-04-10 14:53:40');
INSERT INTO `Account` (`account_ID`,`account_Name`,`password`,`firstName`,`lastName`,`sex`,`birthdate`,`lastLoginTime`) VALUES (43,'elowthers','-33423360',NULL,NULL,NULL,NULL,'2020-04-10 14:53:40');
INSERT INTO `Account` (`account_ID`,`account_Name`,`password`,`firstName`,`lastName`,`sex`,`birthdate`,`lastLoginTime`) VALUES (44,'MarkKersten','-95944704',NULL,NULL,NULL,NULL,'2020-04-10 14:53:40');
INSERT INTO `Account` (`account_ID`,`account_Name`,`password`,`firstName`,`lastName`,`sex`,`birthdate`,`lastLoginTime`) VALUES (45,'scherzva','-1417543680',NULL,NULL,NULL,NULL,'2020-04-10 14:53:40');
INSERT INTO `Account` (`account_ID`,`account_Name`,`password`,`firstName`,`lastName`,`sex`,`birthdate`,`lastLoginTime`) VALUES (46,'lucasdavidson','2114076672',NULL,NULL,NULL,NULL,'2020-04-10 14:53:40');
INSERT INTO `Account` (`account_ID`,`account_Name`,`password`,`firstName`,`lastName`,`sex`,`birthdate`,`lastLoginTime`) VALUES (47,'wackydunks','272777217',NULL,NULL,NULL,NULL,'2020-04-10 14:53:40');
INSERT INTO `Account` (`account_ID`,`account_Name`,`password`,`firstName`,`lastName`,`sex`,`birthdate`,`lastLoginTime`) VALUES (48,'Raven_TheGreat','-1035853823',NULL,NULL,NULL,NULL,'2020-04-10 14:53:40');
INSERT INTO `Account` (`account_ID`,`account_Name`,`password`,`firstName`,`lastName`,`sex`,`birthdate`,`lastLoginTime`) VALUES (49,'CharNewsJunkie','-1010688000',NULL,NULL,NULL,NULL,'2020-04-10 14:53:40');
INSERT INTO `Account` (`account_ID`,`account_Name`,`password`,`firstName`,`lastName`,`sex`,`birthdate`,`lastLoginTime`) VALUES (50,'Jamie_Fisher886','-33026048',NULL,NULL,NULL,NULL,'2020-04-10 14:53:40');
INSERT INTO `Account` (`account_ID`,`account_Name`,`password`,`firstName`,`lastName`,`sex`,`birthdate`,`lastLoginTime`) VALUES (51,'sankeshw','1065877505',NULL,NULL,NULL,NULL,'2020-04-10 14:53:40');
INSERT INTO `Account` (`account_ID`,`account_Name`,`password`,`firstName`,`lastName`,`sex`,`birthdate`,`lastLoginTime`) VALUES (52,'DaxJeter','432570370',NULL,NULL,NULL,NULL,'2020-04-10 14:53:40');
INSERT INTO `Account` (`account_ID`,`account_Name`,`password`,`firstName`,`lastName`,`sex`,`birthdate`,`lastLoginTime`) VALUES (53,'CBSsoxfan','2026377216',NULL,NULL,NULL,NULL,'2020-04-10 14:53:40');
INSERT INTO `Account` (`account_ID`,`account_Name`,`password`,`firstName`,`lastName`,`sex`,`birthdate`,`lastLoginTime`) VALUES (54,'rachaeldoyle21','-158826496',NULL,NULL,NULL,NULL,'2020-04-10 14:53:40');
INSERT INTO `Account` (`account_ID`,`account_Name`,`password`,`firstName`,`lastName`,`sex`,`birthdate`,`lastLoginTime`) VALUES (55,'lauralscott','-158838784',NULL,NULL,NULL,NULL,'2020-04-10 14:53:40');
INSERT INTO `Account` (`account_ID`,`account_Name`,`password`,`firstName`,`lastName`,`sex`,`birthdate`,`lastLoginTime`) VALUES (56,'kukalong','-574463998',NULL,NULL,NULL,NULL,'2020-04-10 14:53:40');
INSERT INTO `Account` (`account_ID`,`account_Name`,`password`,`firstName`,`lastName`,`sex`,`birthdate`,`lastLoginTime`) VALUES (57,'sahandmirza','-1732116476',NULL,NULL,NULL,NULL,'2020-04-10 14:53:40');
INSERT INTO `Account` (`account_ID`,`account_Name`,`password`,`firstName`,`lastName`,`sex`,`birthdate`,`lastLoginTime`) VALUES (59,'tcfitz3','-1929240576',NULL,NULL,NULL,NULL,'2020-04-10 14:53:40');
INSERT INTO `Account` (`account_ID`,`account_Name`,`password`,`firstName`,`lastName`,`sex`,`birthdate`,`lastLoginTime`) VALUES (60,'PorterHaney','1002577920',NULL,NULL,NULL,NULL,'2020-04-10 14:53:40');
INSERT INTO `Account` (`account_ID`,`account_Name`,`password`,`firstName`,`lastName`,`sex`,`birthdate`,`lastLoginTime`) VALUES (61,'OHaraAmber','486670337',NULL,NULL,NULL,NULL,'2020-04-10 14:53:40');
INSERT INTO `Account` (`account_ID`,`account_Name`,`password`,`firstName`,`lastName`,`sex`,`birthdate`,`lastLoginTime`) VALUES (62,'RachFee','-502767616',NULL,NULL,NULL,NULL,'2020-04-10 14:53:40');
INSERT INTO `Account` (`account_ID`,`account_Name`,`password`,`firstName`,`lastName`,`sex`,`birthdate`,`lastLoginTime`) VALUES (63,'Jack_Kairys','-1765273600',NULL,NULL,NULL,NULL,'2020-04-10 14:53:40');
INSERT INTO `Account` (`account_ID`,`account_Name`,`password`,`firstName`,`lastName`,`sex`,`birthdate`,`lastLoginTime`) VALUES (64,'Karimilrodz','1992847360',NULL,NULL,NULL,NULL,'2020-04-10 14:53:40');
INSERT INTO `Account` (`account_ID`,`account_Name`,`password`,`firstName`,`lastName`,`sex`,`birthdate`,`lastLoginTime`) VALUES (65,'MyMissus','-1874329600',NULL,NULL,NULL,NULL,'2020-04-10 14:53:40');
INSERT INTO `Account` (`account_ID`,`account_Name`,`password`,`firstName`,`lastName`,`sex`,`birthdate`,`lastLoginTime`) VALUES (66,'Champa24','-2084044796',NULL,NULL,NULL,NULL,'2020-04-10 14:53:40');
INSERT INTO `Account` (`account_ID`,`account_Name`,`password`,`firstName`,`lastName`,`sex`,`birthdate`,`lastLoginTime`) VALUES (67,'mrs_laurelanne','-1933025280',NULL,NULL,NULL,NULL,'2020-04-10 14:53:40');
INSERT INTO `Account` (`account_ID`,`account_Name`,`password`,`firstName`,`lastName`,`sex`,`birthdate`,`lastLoginTime`) VALUES (69,'Darshan7Patel','700985344',NULL,NULL,NULL,NULL,'2020-04-10 14:53:40');
INSERT INTO `Account` (`account_ID`,`account_Name`,`password`,`firstName`,`lastName`,`sex`,`birthdate`,`lastLoginTime`) VALUES (70,'portugrad','1321746432',NULL,NULL,NULL,NULL,'2020-04-10 14:53:40');
INSERT INTO `Account` (`account_ID`,`account_Name`,`password`,`firstName`,`lastName`,`sex`,`birthdate`,`lastLoginTime`) VALUES (72,'kristaallison28','-2146947071',NULL,NULL,NULL,NULL,'2020-04-10 14:53:40');
INSERT INTO `Account` (`account_ID`,`account_Name`,`password`,`firstName`,`lastName`,`sex`,`birthdate`,`lastLoginTime`) VALUES (73,'momof43s','-1240956927',NULL,NULL,NULL,NULL,'2020-04-10 14:53:40');
INSERT INTO `Account` (`account_ID`,`account_Name`,`password`,`firstName`,`lastName`,`sex`,`birthdate`,`lastLoginTime`) VALUES (74,'matthewhyah','-880656384',NULL,NULL,NULL,NULL,'2020-04-10 14:53:40');
INSERT INTO `Account` (`account_ID`,`account_Name`,`password`,`firstName`,`lastName`,`sex`,`birthdate`,`lastLoginTime`) VALUES (75,'DaFuente','-2076024832',NULL,NULL,NULL,NULL,'2020-04-10 14:53:40');
INSERT INTO `Account` (`account_ID`,`account_Name`,`password`,`firstName`,`lastName`,`sex`,`birthdate`,`lastLoginTime`) VALUES (76,'LucyALloyd','398999552',NULL,NULL,NULL,NULL,'2020-04-10 14:53:40');
INSERT INTO `Account` (`account_ID`,`account_Name`,`password`,`firstName`,`lastName`,`sex`,`birthdate`,`lastLoginTime`) VALUES (77,'challemann','1233281026',NULL,NULL,NULL,NULL,'2020-04-10 14:53:40');
INSERT INTO `Account` (`account_ID`,`account_Name`,`password`,`firstName`,`lastName`,`sex`,`birthdate`,`lastLoginTime`) VALUES (79,'ClaudddiaVS','-1761079296',NULL,NULL,NULL,NULL,'2020-04-10 14:53:40');
INSERT INTO `Account` (`account_ID`,`account_Name`,`password`,`firstName`,`lastName`,`sex`,`birthdate`,`lastLoginTime`) VALUES (80,'misskennedys','1782738945',NULL,NULL,NULL,NULL,'2020-04-10 14:53:40');
INSERT INTO `Account` (`account_ID`,`account_Name`,`password`,`firstName`,`lastName`,`sex`,`birthdate`,`lastLoginTime`) VALUES (81,'dontbhave','1405227008',NULL,NULL,NULL,NULL,'2020-04-10 14:53:40');
INSERT INTO `Account` (`account_ID`,`account_Name`,`password`,`firstName`,`lastName`,`sex`,`birthdate`,`lastLoginTime`) VALUES (82,'scottglass70','1116229633',NULL,NULL,NULL,NULL,'2020-04-10 14:53:40');
INSERT INTO `Account` (`account_ID`,`account_Name`,`password`,`firstName`,`lastName`,`sex`,`birthdate`,`lastLoginTime`) VALUES (83,'christooma','-146640894',NULL,NULL,NULL,NULL,'2020-04-10 14:53:40');
INSERT INTO `Account` (`account_ID`,`account_Name`,`password`,`firstName`,`lastName`,`sex`,`birthdate`,`lastLoginTime`) VALUES (84,'spstpierre','-419299326',NULL,NULL,NULL,NULL,'2020-04-10 14:53:40');
INSERT INTO `Account` (`account_ID`,`account_Name`,`password`,`firstName`,`lastName`,`sex`,`birthdate`,`lastLoginTime`) VALUES (85,'faithfabulous','-100118528',NULL,NULL,NULL,NULL,'2020-04-10 14:53:40');
INSERT INTO `Account` (`account_ID`,`account_Name`,`password`,`firstName`,`lastName`,`sex`,`birthdate`,`lastLoginTime`) VALUES (86,'deantak','-347975680',NULL,NULL,NULL,NULL,'2020-04-10 14:53:40');
INSERT INTO `Account` (`account_ID`,`account_Name`,`password`,`firstName`,`lastName`,`sex`,`birthdate`,`lastLoginTime`) VALUES (87,'TheSapphireLife','-1228779520',NULL,NULL,NULL,NULL,'2020-04-10 14:53:40');
INSERT INTO `Account` (`account_ID`,`account_Name`,`password`,`firstName`,`lastName`,`sex`,`birthdate`,`lastLoginTime`) VALUES (90,'mtezna','-1950207996',NULL,NULL,NULL,NULL,'2020-04-10 14:53:40');
INSERT INTO `Account` (`account_ID`,`account_Name`,`password`,`firstName`,`lastName`,`sex`,`birthdate`,`lastLoginTime`) VALUES (91,'GameDaySweetie','1208487937',NULL,NULL,NULL,NULL,'2020-04-10 14:53:40');
INSERT INTO `Account` (`account_ID`,`account_Name`,`password`,`firstName`,`lastName`,`sex`,`birthdate`,`lastLoginTime`) VALUES (92,'TullamoreEims','-66555904',NULL,NULL,NULL,NULL,'2020-04-10 14:53:40');
INSERT INTO `Account` (`account_ID`,`account_Name`,`password`,`firstName`,`lastName`,`sex`,`birthdate`,`lastLoginTime`) VALUES (93,'jjenreich','638062592',NULL,NULL,NULL,NULL,'2020-04-10 14:53:40');
INSERT INTO `Account` (`account_ID`,`account_Name`,`password`,`firstName`,`lastName`,`sex`,`birthdate`,`lastLoginTime`) VALUES (94,'JessonaJourney','-1475858432',NULL,NULL,NULL,NULL,'2020-04-10 14:53:40');
INSERT INTO `Account` (`account_ID`,`account_Name`,`password`,`firstName`,`lastName`,`sex`,`birthdate`,`lastLoginTime`) VALUES (96,'BhutanOrient','591556608',NULL,NULL,NULL,NULL,'2020-04-10 14:53:40');
INSERT INTO `Account` (`account_ID`,`account_Name`,`password`,`firstName`,`lastName`,`sex`,`birthdate`,`lastLoginTime`) VALUES (97,'juliadavis','-708300798',NULL,NULL,NULL,NULL,'2020-04-10 14:53:40');
INSERT INTO `Account` (`account_ID`,`account_Name`,`password`,`firstName`,`lastName`,`sex`,`birthdate`,`lastLoginTime`) VALUES (98,'tonyapoe','998400001',NULL,NULL,NULL,NULL,'2020-04-10 14:53:40');
INSERT INTO `Account` (`account_ID`,`account_Name`,`password`,`firstName`,`lastName`,`sex`,`birthdate`,`lastLoginTime`) VALUES (99,'jameypricephoto','738725888',NULL,NULL,NULL,NULL,'2020-04-10 14:53:40');
INSERT INTO `Account` (`account_ID`,`account_Name`,`password`,`firstName`,`lastName`,`sex`,`birthdate`,`lastLoginTime`) VALUES (100,'Forsyth_Factor','2080907264',NULL,NULL,NULL,NULL,'2020-04-10 14:53:40');
INSERT INTO `Account` (`account_ID`,`account_Name`,`password`,`firstName`,`lastName`,`sex`,`birthdate`,`lastLoginTime`) VALUES (101,'TheTaxDiva','1250451456',NULL,NULL,NULL,NULL,'2020-04-10 14:53:40');
INSERT INTO `Account` (`account_ID`,`account_Name`,`password`,`firstName`,`lastName`,`sex`,`birthdate`,`lastLoginTime`) VALUES (102,'gigirey1','-922591232',NULL,NULL,NULL,NULL,'2020-04-10 14:53:40');
INSERT INTO `Account` (`account_ID`,`account_Name`,`password`,`firstName`,`lastName`,`sex`,`birthdate`,`lastLoginTime`) VALUES (103,'kat_volk','440557568',NULL,NULL,NULL,NULL,'2020-04-10 14:53:40');
INSERT INTO `Account` (`account_ID`,`account_Name`,`password`,`firstName`,`lastName`,`sex`,`birthdate`,`lastLoginTime`) VALUES (104,'PlayjtLV','-1975386112',NULL,NULL,NULL,NULL,'2020-04-10 14:53:40');
INSERT INTO `Account` (`account_ID`,`account_Name`,`password`,`firstName`,`lastName`,`sex`,`birthdate`,`lastLoginTime`) VALUES (105,'crshipferling','780681217',NULL,NULL,NULL,NULL,'2020-04-10 14:53:40');
INSERT INTO `Account` (`account_ID`,`account_Name`,`password`,`firstName`,`lastName`,`sex`,`birthdate`,`lastLoginTime`) VALUES (106,'JasonPlizga','1351106560',NULL,NULL,NULL,NULL,'2020-04-10 14:53:40');
INSERT INTO `Account` (`account_ID`,`account_Name`,`password`,`firstName`,`lastName`,`sex`,`birthdate`,`lastLoginTime`) VALUES (107,'DAngel082','1988640768',NULL,NULL,NULL,NULL,'2020-04-10 14:53:40');
INSERT INTO `Account` (`account_ID`,`account_Name`,`password`,`firstName`,`lastName`,`sex`,`birthdate`,`lastLoginTime`) VALUES (108,'mlipschits','1640505344',NULL,NULL,NULL,NULL,'2020-04-10 14:53:40');
INSERT INTO `Account` (`account_ID`,`account_Name`,`password`,`firstName`,`lastName`,`sex`,`birthdate`,`lastLoginTime`) VALUES (109,'heyheyman','1648914432',NULL,NULL,NULL,NULL,'2020-04-10 14:53:40');


INSERT INTO `user_group` (`group_ID`,`group_Name`,`description`) VALUES (1,'Carpool','Find carpool info here');
INSERT INTO `user_group` (`group_ID`,`group_Name`,`description`) VALUES (2,'university','find university posts here');
INSERT INTO `user_group` (`group_ID`,`group_Name`,`description`) VALUES (3,'coop','Build your network and find jobs');
INSERT INTO `user_group` (`group_ID`,`group_Name`,`description`) VALUES (4,'random_chat','Free chat for everyone');
INSERT INTO `user_group` (`group_ID`,`group_Name`,`description`) VALUES (5,'sublet','sublease only');


INSERT INTO `Group_members` (`group_ID`,`account_ID`) VALUES (1,5);
INSERT INTO `Group_members` (`group_ID`,`account_ID`) VALUES (5,5);
INSERT INTO `Group_members` (`group_ID`,`account_ID`) VALUES (1,6);
INSERT INTO `Group_members` (`group_ID`,`account_ID`) VALUES (2,6);
INSERT INTO `Group_members` (`group_ID`,`account_ID`) VALUES (3,6);
INSERT INTO `Group_members` (`group_ID`,`account_ID`) VALUES (1,7);
INSERT INTO `Group_members` (`group_ID`,`account_ID`) VALUES (1,8);
INSERT INTO `Group_members` (`group_ID`,`account_ID`) VALUES (2,8);
INSERT INTO `Group_members` (`group_ID`,`account_ID`) VALUES (4,8);
INSERT INTO `Group_members` (`group_ID`,`account_ID`) VALUES (1,9);
INSERT INTO `Group_members` (`group_ID`,`account_ID`) VALUES (3,9);
INSERT INTO `Group_members` (`group_ID`,`account_ID`) VALUES (1,10);
INSERT INTO `Group_members` (`group_ID`,`account_ID`) VALUES (2,10);
INSERT INTO `Group_members` (`group_ID`,`account_ID`) VALUES (5,10);
INSERT INTO `Group_members` (`group_ID`,`account_ID`) VALUES (1,11);
INSERT INTO `Group_members` (`group_ID`,`account_ID`) VALUES (1,12);
INSERT INTO `Group_members` (`group_ID`,`account_ID`) VALUES (2,12);
INSERT INTO `Group_members` (`group_ID`,`account_ID`) VALUES (3,12);
INSERT INTO `Group_members` (`group_ID`,`account_ID`) VALUES (4,12);
INSERT INTO `Group_members` (`group_ID`,`account_ID`) VALUES (1,13);
INSERT INTO `Group_members` (`group_ID`,`account_ID`) VALUES (1,14);
INSERT INTO `Group_members` (`group_ID`,`account_ID`) VALUES (2,14);
INSERT INTO `Group_members` (`group_ID`,`account_ID`) VALUES (1,16);
INSERT INTO `Group_members` (`group_ID`,`account_ID`) VALUES (2,16);
INSERT INTO `Group_members` (`group_ID`,`account_ID`) VALUES (4,16);
INSERT INTO `Group_members` (`group_ID`,`account_ID`) VALUES (1,17);
INSERT INTO `Group_members` (`group_ID`,`account_ID`) VALUES (1,18);
INSERT INTO `Group_members` (`group_ID`,`account_ID`) VALUES (2,18);
INSERT INTO `Group_members` (`group_ID`,`account_ID`) VALUES (3,18);
INSERT INTO `Group_members` (`group_ID`,`account_ID`) VALUES (1,19);
INSERT INTO `Group_members` (`group_ID`,`account_ID`) VALUES (1,20);
INSERT INTO `Group_members` (`group_ID`,`account_ID`) VALUES (2,20);
INSERT INTO `Group_members` (`group_ID`,`account_ID`) VALUES (4,20);
INSERT INTO `Group_members` (`group_ID`,`account_ID`) VALUES (5,20);
INSERT INTO `Group_members` (`group_ID`,`account_ID`) VALUES (1,21);
INSERT INTO `Group_members` (`group_ID`,`account_ID`) VALUES (3,21);
INSERT INTO `Group_members` (`group_ID`,`account_ID`) VALUES (1,22);
INSERT INTO `Group_members` (`group_ID`,`account_ID`) VALUES (2,22);
INSERT INTO `Group_members` (`group_ID`,`account_ID`) VALUES (1,23);
INSERT INTO `Group_members` (`group_ID`,`account_ID`) VALUES (1,24);
INSERT INTO `Group_members` (`group_ID`,`account_ID`) VALUES (2,24);
INSERT INTO `Group_members` (`group_ID`,`account_ID`) VALUES (3,24);
INSERT INTO `Group_members` (`group_ID`,`account_ID`) VALUES (4,24);
INSERT INTO `Group_members` (`group_ID`,`account_ID`) VALUES (1,25);
INSERT INTO `Group_members` (`group_ID`,`account_ID`) VALUES (5,25);
INSERT INTO `Group_members` (`group_ID`,`account_ID`) VALUES (1,26);
INSERT INTO `Group_members` (`group_ID`,`account_ID`) VALUES (2,26);
INSERT INTO `Group_members` (`group_ID`,`account_ID`) VALUES (1,27);
INSERT INTO `Group_members` (`group_ID`,`account_ID`) VALUES (3,27);
INSERT INTO `Group_members` (`group_ID`,`account_ID`) VALUES (1,28);
INSERT INTO `Group_members` (`group_ID`,`account_ID`) VALUES (2,28);
INSERT INTO `Group_members` (`group_ID`,`account_ID`) VALUES (4,28);
INSERT INTO `Group_members` (`group_ID`,`account_ID`) VALUES (1,29);
INSERT INTO `Group_members` (`group_ID`,`account_ID`) VALUES (1,30);
INSERT INTO `Group_members` (`group_ID`,`account_ID`) VALUES (2,30);
INSERT INTO `Group_members` (`group_ID`,`account_ID`) VALUES (3,30);
INSERT INTO `Group_members` (`group_ID`,`account_ID`) VALUES (5,30);
INSERT INTO `Group_members` (`group_ID`,`account_ID`) VALUES (1,31);
INSERT INTO `Group_members` (`group_ID`,`account_ID`) VALUES (1,32);
INSERT INTO `Group_members` (`group_ID`,`account_ID`) VALUES (2,32);
INSERT INTO `Group_members` (`group_ID`,`account_ID`) VALUES (4,32);
INSERT INTO `Group_members` (`group_ID`,`account_ID`) VALUES (1,33);
INSERT INTO `Group_members` (`group_ID`,`account_ID`) VALUES (3,33);
INSERT INTO `Group_members` (`group_ID`,`account_ID`) VALUES (1,34);
INSERT INTO `Group_members` (`group_ID`,`account_ID`) VALUES (2,34);
INSERT INTO `Group_members` (`group_ID`,`account_ID`) VALUES (1,35);
INSERT INTO `Group_members` (`group_ID`,`account_ID`) VALUES (5,35);
INSERT INTO `Group_members` (`group_ID`,`account_ID`) VALUES (1,36);
INSERT INTO `Group_members` (`group_ID`,`account_ID`) VALUES (2,36);
INSERT INTO `Group_members` (`group_ID`,`account_ID`) VALUES (3,36);
INSERT INTO `Group_members` (`group_ID`,`account_ID`) VALUES (4,36);
INSERT INTO `Group_members` (`group_ID`,`account_ID`) VALUES (1,37);
INSERT INTO `Group_members` (`group_ID`,`account_ID`) VALUES (1,38);
INSERT INTO `Group_members` (`group_ID`,`account_ID`) VALUES (2,38);
INSERT INTO `Group_members` (`group_ID`,`account_ID`) VALUES (1,39);
INSERT INTO `Group_members` (`group_ID`,`account_ID`) VALUES (3,39);
INSERT INTO `Group_members` (`group_ID`,`account_ID`) VALUES (1,40);
INSERT INTO `Group_members` (`group_ID`,`account_ID`) VALUES (2,40);
INSERT INTO `Group_members` (`group_ID`,`account_ID`) VALUES (4,40);
INSERT INTO `Group_members` (`group_ID`,`account_ID`) VALUES (5,40);
INSERT INTO `Group_members` (`group_ID`,`account_ID`) VALUES (1,42);
INSERT INTO `Group_members` (`group_ID`,`account_ID`) VALUES (2,42);
INSERT INTO `Group_members` (`group_ID`,`account_ID`) VALUES (3,42);
INSERT INTO `Group_members` (`group_ID`,`account_ID`) VALUES (1,43);
INSERT INTO `Group_members` (`group_ID`,`account_ID`) VALUES (1,44);
INSERT INTO `Group_members` (`group_ID`,`account_ID`) VALUES (2,44);
INSERT INTO `Group_members` (`group_ID`,`account_ID`) VALUES (4,44);
INSERT INTO `Group_members` (`group_ID`,`account_ID`) VALUES (1,45);
INSERT INTO `Group_members` (`group_ID`,`account_ID`) VALUES (3,45);
INSERT INTO `Group_members` (`group_ID`,`account_ID`) VALUES (5,45);
INSERT INTO `Group_members` (`group_ID`,`account_ID`) VALUES (1,46);
INSERT INTO `Group_members` (`group_ID`,`account_ID`) VALUES (2,46);
INSERT INTO `Group_members` (`group_ID`,`account_ID`) VALUES (1,47);
INSERT INTO `Group_members` (`group_ID`,`account_ID`) VALUES (1,48);
INSERT INTO `Group_members` (`group_ID`,`account_ID`) VALUES (2,48);
INSERT INTO `Group_members` (`group_ID`,`account_ID`) VALUES (3,48);
INSERT INTO `Group_members` (`group_ID`,`account_ID`) VALUES (4,48);
INSERT INTO `Group_members` (`group_ID`,`account_ID`) VALUES (1,49);
INSERT INTO `Group_members` (`group_ID`,`account_ID`) VALUES (1,50);
INSERT INTO `Group_members` (`group_ID`,`account_ID`) VALUES (2,50);
INSERT INTO `Group_members` (`group_ID`,`account_ID`) VALUES (5,50);
INSERT INTO `Group_members` (`group_ID`,`account_ID`) VALUES (1,51);
INSERT INTO `Group_members` (`group_ID`,`account_ID`) VALUES (3,51);
INSERT INTO `Group_members` (`group_ID`,`account_ID`) VALUES (1,52);
INSERT INTO `Group_members` (`group_ID`,`account_ID`) VALUES (2,52);
INSERT INTO `Group_members` (`group_ID`,`account_ID`) VALUES (4,52);
INSERT INTO `Group_members` (`group_ID`,`account_ID`) VALUES (1,53);
INSERT INTO `Group_members` (`group_ID`,`account_ID`) VALUES (1,54);
INSERT INTO `Group_members` (`group_ID`,`account_ID`) VALUES (2,54);
INSERT INTO `Group_members` (`group_ID`,`account_ID`) VALUES (3,54);
INSERT INTO `Group_members` (`group_ID`,`account_ID`) VALUES (1,55);
INSERT INTO `Group_members` (`group_ID`,`account_ID`) VALUES (5,55);
INSERT INTO `Group_members` (`group_ID`,`account_ID`) VALUES (1,56);
INSERT INTO `Group_members` (`group_ID`,`account_ID`) VALUES (2,56);
INSERT INTO `Group_members` (`group_ID`,`account_ID`) VALUES (4,56);
INSERT INTO `Group_members` (`group_ID`,`account_ID`) VALUES (1,57);
INSERT INTO `Group_members` (`group_ID`,`account_ID`) VALUES (3,57);
INSERT INTO `Group_members` (`group_ID`,`account_ID`) VALUES (1,59);
INSERT INTO `Group_members` (`group_ID`,`account_ID`) VALUES (1,60);
INSERT INTO `Group_members` (`group_ID`,`account_ID`) VALUES (2,60);
INSERT INTO `Group_members` (`group_ID`,`account_ID`) VALUES (3,60);
INSERT INTO `Group_members` (`group_ID`,`account_ID`) VALUES (4,60);
INSERT INTO `Group_members` (`group_ID`,`account_ID`) VALUES (5,60);
INSERT INTO `Group_members` (`group_ID`,`account_ID`) VALUES (1,61);
INSERT INTO `Group_members` (`group_ID`,`account_ID`) VALUES (1,62);
INSERT INTO `Group_members` (`group_ID`,`account_ID`) VALUES (2,62);
INSERT INTO `Group_members` (`group_ID`,`account_ID`) VALUES (1,63);
INSERT INTO `Group_members` (`group_ID`,`account_ID`) VALUES (3,63);
INSERT INTO `Group_members` (`group_ID`,`account_ID`) VALUES (1,64);
INSERT INTO `Group_members` (`group_ID`,`account_ID`) VALUES (2,64);
INSERT INTO `Group_members` (`group_ID`,`account_ID`) VALUES (4,64);
INSERT INTO `Group_members` (`group_ID`,`account_ID`) VALUES (1,65);
INSERT INTO `Group_members` (`group_ID`,`account_ID`) VALUES (5,65);
INSERT INTO `Group_members` (`group_ID`,`account_ID`) VALUES (1,66);
INSERT INTO `Group_members` (`group_ID`,`account_ID`) VALUES (2,66);
INSERT INTO `Group_members` (`group_ID`,`account_ID`) VALUES (3,66);
INSERT INTO `Group_members` (`group_ID`,`account_ID`) VALUES (1,67);
INSERT INTO `Group_members` (`group_ID`,`account_ID`) VALUES (1,69);
INSERT INTO `Group_members` (`group_ID`,`account_ID`) VALUES (3,69);
INSERT INTO `Group_members` (`group_ID`,`account_ID`) VALUES (1,70);
INSERT INTO `Group_members` (`group_ID`,`account_ID`) VALUES (2,70);
INSERT INTO `Group_members` (`group_ID`,`account_ID`) VALUES (5,70);
INSERT INTO `Group_members` (`group_ID`,`account_ID`) VALUES (1,72);
INSERT INTO `Group_members` (`group_ID`,`account_ID`) VALUES (2,72);
INSERT INTO `Group_members` (`group_ID`,`account_ID`) VALUES (3,72);
INSERT INTO `Group_members` (`group_ID`,`account_ID`) VALUES (4,72);
INSERT INTO `Group_members` (`group_ID`,`account_ID`) VALUES (1,73);
INSERT INTO `Group_members` (`group_ID`,`account_ID`) VALUES (1,74);
INSERT INTO `Group_members` (`group_ID`,`account_ID`) VALUES (2,74);
INSERT INTO `Group_members` (`group_ID`,`account_ID`) VALUES (1,75);
INSERT INTO `Group_members` (`group_ID`,`account_ID`) VALUES (3,75);
INSERT INTO `Group_members` (`group_ID`,`account_ID`) VALUES (5,75);
INSERT INTO `Group_members` (`group_ID`,`account_ID`) VALUES (1,76);
INSERT INTO `Group_members` (`group_ID`,`account_ID`) VALUES (2,76);
INSERT INTO `Group_members` (`group_ID`,`account_ID`) VALUES (4,76);
INSERT INTO `Group_members` (`group_ID`,`account_ID`) VALUES (1,77);
INSERT INTO `Group_members` (`group_ID`,`account_ID`) VALUES (1,79);
INSERT INTO `Group_members` (`group_ID`,`account_ID`) VALUES (1,80);
INSERT INTO `Group_members` (`group_ID`,`account_ID`) VALUES (2,80);
INSERT INTO `Group_members` (`group_ID`,`account_ID`) VALUES (4,80);
INSERT INTO `Group_members` (`group_ID`,`account_ID`) VALUES (5,80);
INSERT INTO `Group_members` (`group_ID`,`account_ID`) VALUES (1,81);
INSERT INTO `Group_members` (`group_ID`,`account_ID`) VALUES (3,81);
INSERT INTO `Group_members` (`group_ID`,`account_ID`) VALUES (1,82);
INSERT INTO `Group_members` (`group_ID`,`account_ID`) VALUES (2,82);
INSERT INTO `Group_members` (`group_ID`,`account_ID`) VALUES (1,83);
INSERT INTO `Group_members` (`group_ID`,`account_ID`) VALUES (1,84);
INSERT INTO `Group_members` (`group_ID`,`account_ID`) VALUES (2,84);
INSERT INTO `Group_members` (`group_ID`,`account_ID`) VALUES (3,84);
INSERT INTO `Group_members` (`group_ID`,`account_ID`) VALUES (4,84);
INSERT INTO `Group_members` (`group_ID`,`account_ID`) VALUES (1,85);
INSERT INTO `Group_members` (`group_ID`,`account_ID`) VALUES (5,85);
INSERT INTO `Group_members` (`group_ID`,`account_ID`) VALUES (1,86);
INSERT INTO `Group_members` (`group_ID`,`account_ID`) VALUES (2,86);
INSERT INTO `Group_members` (`group_ID`,`account_ID`) VALUES (1,87);
INSERT INTO `Group_members` (`group_ID`,`account_ID`) VALUES (3,87);
INSERT INTO `Group_members` (`group_ID`,`account_ID`) VALUES (1,90);
INSERT INTO `Group_members` (`group_ID`,`account_ID`) VALUES (2,90);
INSERT INTO `Group_members` (`group_ID`,`account_ID`) VALUES (3,90);
INSERT INTO `Group_members` (`group_ID`,`account_ID`) VALUES (5,90);
INSERT INTO `Group_members` (`group_ID`,`account_ID`) VALUES (1,91);
INSERT INTO `Group_members` (`group_ID`,`account_ID`) VALUES (1,92);
INSERT INTO `Group_members` (`group_ID`,`account_ID`) VALUES (2,92);
INSERT INTO `Group_members` (`group_ID`,`account_ID`) VALUES (4,92);
INSERT INTO `Group_members` (`group_ID`,`account_ID`) VALUES (1,93);
INSERT INTO `Group_members` (`group_ID`,`account_ID`) VALUES (3,93);
INSERT INTO `Group_members` (`group_ID`,`account_ID`) VALUES (1,94);
INSERT INTO `Group_members` (`group_ID`,`account_ID`) VALUES (2,94);
INSERT INTO `Group_members` (`group_ID`,`account_ID`) VALUES (1,96);
INSERT INTO `Group_members` (`group_ID`,`account_ID`) VALUES (2,96);
INSERT INTO `Group_members` (`group_ID`,`account_ID`) VALUES (3,96);
INSERT INTO `Group_members` (`group_ID`,`account_ID`) VALUES (4,96);
INSERT INTO `Group_members` (`group_ID`,`account_ID`) VALUES (1,97);
INSERT INTO `Group_members` (`group_ID`,`account_ID`) VALUES (1,98);
INSERT INTO `Group_members` (`group_ID`,`account_ID`) VALUES (2,98);
INSERT INTO `Group_members` (`group_ID`,`account_ID`) VALUES (1,99);
INSERT INTO `Group_members` (`group_ID`,`account_ID`) VALUES (3,99);
INSERT INTO `Group_members` (`group_ID`,`account_ID`) VALUES (1,100);
INSERT INTO `Group_members` (`group_ID`,`account_ID`) VALUES (2,100);
INSERT INTO `Group_members` (`group_ID`,`account_ID`) VALUES (4,100);
INSERT INTO `Group_members` (`group_ID`,`account_ID`) VALUES (5,100);
INSERT INTO `Group_members` (`group_ID`,`account_ID`) VALUES (1,101);
INSERT INTO `Group_members` (`group_ID`,`account_ID`) VALUES (1,102);
INSERT INTO `Group_members` (`group_ID`,`account_ID`) VALUES (2,102);
INSERT INTO `Group_members` (`group_ID`,`account_ID`) VALUES (3,102);
INSERT INTO `Group_members` (`group_ID`,`account_ID`) VALUES (1,103);
INSERT INTO `Group_members` (`group_ID`,`account_ID`) VALUES (1,104);
INSERT INTO `Group_members` (`group_ID`,`account_ID`) VALUES (2,104);
INSERT INTO `Group_members` (`group_ID`,`account_ID`) VALUES (4,104);
INSERT INTO `Group_members` (`group_ID`,`account_ID`) VALUES (1,105);
INSERT INTO `Group_members` (`group_ID`,`account_ID`) VALUES (3,105);
INSERT INTO `Group_members` (`group_ID`,`account_ID`) VALUES (5,105);
INSERT INTO `Group_members` (`group_ID`,`account_ID`) VALUES (1,106);
INSERT INTO `Group_members` (`group_ID`,`account_ID`) VALUES (2,106);
INSERT INTO `Group_members` (`group_ID`,`account_ID`) VALUES (1,107);
INSERT INTO `Group_members` (`group_ID`,`account_ID`) VALUES (1,108);
INSERT INTO `Group_members` (`group_ID`,`account_ID`) VALUES (2,108);
INSERT INTO `Group_members` (`group_ID`,`account_ID`) VALUES (3,108);
INSERT INTO `Group_members` (`group_ID`,`account_ID`) VALUES (4,108);
INSERT INTO `Group_members` (`group_ID`,`account_ID`) VALUES (1,109);



INSERT INTO `user_post` (`account_ID`,`message`,`thumbs`,`is_read`) VALUES (10,'@JetBlue\'s new CEO seeks the right balance to please passengers and Wall ... - Greenfield Daily Reporter http://t.co/LM3opxkxch',1,1);
INSERT INTO `user_post` (`account_ID`,`message`,`thumbs`,`is_read`) VALUES (11,'@JetBlue is REALLY getting on my nerves !!¡ #no',2,1);
INSERT INTO `user_post` (`account_ID`,`message`,`thumbs`,`is_read`) VALUES (12,'@united yes. We waited in line for almost an hour to do so. Some passengers just left not wanting to wait past 1am.',0,0);
INSERT INTO `user_post` (`account_ID`,`message`,`thumbs`,`is_read`) VALUES (13,'@united the we got into the gate at IAH on time and have given our seats and closed the flight. If you know people is arriving, have to wait',1,1);
INSERT INTO `user_post` (`account_ID`,`message`,`thumbs`,`is_read`) VALUES (14,'@SouthwestAir its cool that my bags take a bit longer, dont give me baggage blue balls-turn the carousel on, tell me it\'s coming, then not.',2,1);
INSERT INTO `user_post` (`account_ID`,`message`,`thumbs`,`is_read`) VALUES (13,'@united and don\'t hope for me having a nicer flight some other time, try to do things right. You sold me those tickets with that connetion',1,1);
INSERT INTO `user_post` (`account_ID`,`message`,`thumbs`,`is_read`) VALUES (16,'@united I like delays less than you because I\'m the one on the plane. Connect me with a voucher',1,1);
INSERT INTO `user_post` (`account_ID`,`message`,`thumbs`,`is_read`) VALUES (17,'@united, link to current status of flights/airports? Fly BWI-EWR-MCO this morning yet can\'t yet tell what any problems are except see snow.',2,1);
INSERT INTO `user_post` (`account_ID`,`message`,`thumbs`,`is_read`) VALUES (18,'@SouthwestAir you guys there? Are we on hour 2 of our phone hold at 3am bc of volume or short staffing?',0,0);
INSERT INTO `user_post` (`account_ID`,`message`,`thumbs`,`is_read`) VALUES (19,'@united I tried 2 DM it would not go thru... not sure why',1,1);
INSERT INTO `user_post` (`account_ID`,`message`,`thumbs`,`is_read`) VALUES (20,'Wanted to get my bag benefit, but instead get $25 pricing on all three tickets. When adding a card, MP Visa is only option. @united',2,1);
INSERT INTO `user_post` (`account_ID`,`message`,`thumbs`,`is_read`) VALUES (21,'@united please see a flight attendant for what? Why isn\'t there enough room for over head bags? I carry on to save time!!!',0,0);
INSERT INTO `user_post` (`account_ID`,`message`,`thumbs`,`is_read`) VALUES (22,'@united still waiting for a reply',1,1);
INSERT INTO `user_post` (`account_ID`,`message`,`thumbs`,`is_read`) VALUES (23,'@united even though technically after I land I will be silver?',2,1);
INSERT INTO `user_post` (`account_ID`,`message`,`thumbs`,`is_read`) VALUES (24,'@USAirways how\'s us 1797 looking today?',0,0);
INSERT INTO `user_post` (`account_ID`,`message`,`thumbs`,`is_read`) VALUES (25,'@SouthwestAir nice work on the update!',1,1);
INSERT INTO `user_post` (`account_ID`,`message`,`thumbs`,`is_read`) VALUES (26,'@united i have items of sentimental value that I\'m heartbroken are missing',2,1);
INSERT INTO `user_post` (`account_ID`,`message`,`thumbs`,`is_read`) VALUES (27,'@SouthwestAir We have been stuck in SJU for several hours and no one is answering here. Really tough to LUV SW. No response is bad.',0,0);
INSERT INTO `user_post` (`account_ID`,`message`,`thumbs`,`is_read`) VALUES (28,'@JetBlue CEO weighs profits, flyers - @ChronicleHerald (registration) http://t.co/l2n0egHdgn',1,1);
INSERT INTO `user_post` (`account_ID`,`message`,`thumbs`,`is_read`) VALUES (29,'@USAirways @AmericanAir How r u supposed to change flights when u can\'t get thru to reservations? #OneHourOnHold',2,1);
INSERT INTO `user_post` (`account_ID`,`message`,`thumbs`,`is_read`) VALUES (30,'@JetBlue Thanks! Her flight leaves at 2 but she\'s arriving to the airport early. Wedding is in VT in Sept. Grateful you fly to BTV!! :)',0,0);
INSERT INTO `user_post` (`account_ID`,`message`,`thumbs`,`is_read`) VALUES (31,'@United is officially the worst, most delayed, and least helpful airline I have ever had the misfortune of flying on',1,1);
INSERT INTO `user_post` (`account_ID`,`message`,`thumbs`,`is_read`) VALUES (32,'@SouthwestAir won\'t answer their phones #HorribleService #NeverAgain #frustrated #AnswerThePhone',2,1);
INSERT INTO `user_post` (`account_ID`,`message`,`thumbs`,`is_read`) VALUES (33,'@USAirways reservations had me on hold for 2 hours only to hang up...smh ð',0,0);
INSERT INTO `user_post` (`account_ID`,`message`,`thumbs`,`is_read`) VALUES (34,'@JetBlue No worries. Delay was minor and dealt with nicely. It was captain of flight 2324 by the way.',1,1);
INSERT INTO `user_post` (`account_ID`,`message`,`thumbs`,`is_read`) VALUES (35,'@SouthwestAir Is it a temporary site glitch or are you no longer offering flights from GRR to GEG after Feb? Can\'t find any online :(',2,1);
INSERT INTO `user_post` (`account_ID`,`message`,`thumbs`,`is_read`) VALUES (36,'@united clicked on the link and got this? #confused http://t.co/xMAQcucWZl',0,0);
INSERT INTO `user_post` (`account_ID`,`message`,`thumbs`,`is_read`) VALUES (37,'@SouthwestAir Guys, we\'ve got to do something about the inability to check in online for international  flight that has... (1/2)',1,1);
INSERT INTO `user_post` (`account_ID`,`message`,`thumbs`,`is_read`) VALUES (38,'@SouthwestAir flight was Cancelled Flightled and it won\'t let me rebook online. Wait time on phone is too long. Please help',2,1);
INSERT INTO `user_post` (`account_ID`,`message`,`thumbs`,`is_read`) VALUES (39,'@JetBlue really caring??',0,0);
INSERT INTO `user_post` (`account_ID`,`message`,`thumbs`,`is_read`) VALUES (38,'@SouthwestAir  this is really unhelpful. Why can\'t I rebook online? http://t.co/N5O43sVl8i',2,1);
INSERT INTO `user_post` (`account_ID`,`message`,`thumbs`,`is_read`) VALUES (42,'@JetBlue sitting on the plane in JFK waiting to take off doors are open catering is stocking up we are delayed but they couldn\'t be nicer',0,0);
INSERT INTO `user_post` (`account_ID`,`message`,`thumbs`,`is_read`) VALUES (43,'@JetBlue A flight delay due to pilots oversleeping is apparently an uncontrollable irregularity that is not eligible for delay compensation.',1,1);
INSERT INTO `user_post` (`account_ID`,`message`,`thumbs`,`is_read`) VALUES (44,'.@USAirways we have no choice but to pay another $50 to go to the airport in the hopes that we will be treated better by a rep.',2,1);
INSERT INTO `user_post` (`account_ID`,`message`,`thumbs`,`is_read`) VALUES (45,'@united New Apple crâpe, amazing! Live from UA1207. Really nice crew too.  #AmericanAir has biscuits, UA needs them 2 http://t.co/gZ9GqDT7Jj',0,0);
INSERT INTO `user_post` (`account_ID`,`message`,`thumbs`,`is_read`) VALUES (46,'@SouthwestAir on hold for 2 hours and then you hung up 3 Cancelled Flightled flights. Running out of daycare for our kids who are trapped at home.',1,1);
INSERT INTO `user_post` (`account_ID`,`message`,`thumbs`,`is_read`) VALUES (47,'.@united call my work and tell them it\'s your fault I\'m Late Flight',2,1);
INSERT INTO `user_post` (`account_ID`,`message`,`thumbs`,`is_read`) VALUES (48,'@SouthwestAir why have you guys jacked up the prices AFTER you said prices were going to be lowered? SMH',0,0);
INSERT INTO `user_post` (`account_ID`,`message`,`thumbs`,`is_read`) VALUES (49,'@USAirways I have been on hold with your Gold reservations line for OVER 3 HOURS now. Flight Cancelled Flightled. Trying to rebook.',1,1);
INSERT INTO `user_post` (`account_ID`,`message`,`thumbs`,`is_read`) VALUES (50,'@united how much does it cost to check in an additional bag? Traveling from newark to glasgow. Thank you :)',2,1);
INSERT INTO `user_post` (`account_ID`,`message`,`thumbs`,`is_read`) VALUES (51,'@USAirways we are on the 2pm flight FLL to PHL and then connection to MAN. However, with the delays we might miss it. Can we go earlier?',0,0);
INSERT INTO `user_post` (`account_ID`,`message`,`thumbs`,`is_read`) VALUES (52,'@SouthwestAir thanks do yall expect to be operational tomorrow out of Nashville?',1,1);
INSERT INTO `user_post` (`account_ID`,`message`,`thumbs`,`is_read`) VALUES (53,'@SouthwestAir husband on hold 2.5 hrs, got disconnected!New wait 30 min. Can\'t confirm res due to the fact he booked on line! Nuts!',2,1);
INSERT INTO `user_post` (`account_ID`,`message`,`thumbs`,`is_read`) VALUES (54,'@united Broken entertainment system on my 8 hour NYC flight, terrible cabin crew service and online complaint form won\'t work #hopeless',0,0);
INSERT INTO `user_post` (`account_ID`,`message`,`thumbs`,`is_read`) VALUES (55,'@united last night we waited forever at the gate because someone from corporate dispatch FORGOT to call the crew #unfriendlyskies',1,1);
INSERT INTO `user_post` (`account_ID`,`message`,`thumbs`,`is_read`) VALUES (56,'@SouthwestAir Hoping you answer the phone today?',2,1);
INSERT INTO `user_post` (`account_ID`,`message`,`thumbs`,`is_read`) VALUES (10,'@JetBlue CEO weighs profits, flyers - @ChronicleHerald (registration) http://t.co/9vKj9S7jrM',1,1);
INSERT INTO `user_post` (`account_ID`,`message`,`thumbs`,`is_read`) VALUES (59,'@United - Ridiculous to fly outdated 757s anywhere much less btwn IAH and SFO. No power ports, no  Wifi, no personal entertainment. TORTURE',2,1);
INSERT INTO `user_post` (`account_ID`,`message`,`thumbs`,`is_read`) VALUES (60,'@SouthwestAir the last 4 times I\'ve arrived @LASairport our gate has been blocked by a slow to depart plane leading to 30-60 min delays',0,0);
INSERT INTO `user_post` (`account_ID`,`message`,`thumbs`,`is_read`) VALUES (61,'@united what if business as usual meant dropping the bully mentality and fostering inspiration for a greater business #EmployeeRelations',1,1);
INSERT INTO `user_post` (`account_ID`,`message`,`thumbs`,`is_read`) VALUES (62,'@southwestair - kind of early but any idea when dates through the first week of sept will come available?',2,1);
INSERT INTO `user_post` (`account_ID`,`message`,`thumbs`,`is_read`) VALUES (63,'@USAirways your service has been awful in Boston and I had to pay 25 extra dollars than I was supposed too I am very dissatisfied #mad',0,0);
INSERT INTO `user_post` (`account_ID`,`message`,`thumbs`,`is_read`) VALUES (64,'@JetBlue I hear that the new thing in your planes are the Fly-Fi. How I can check if the flight that Im going to take have it?',1,1);
INSERT INTO `user_post` (`account_ID`,`message`,`thumbs`,`is_read`) VALUES (65,'@SouthwestAir Guys for real. I\'ve been on hold for 4+ hours including one hangup. Please have someone reach out so I can get my $ back.',2,1);
INSERT INTO `user_post` (`account_ID`,`message`,`thumbs`,`is_read`) VALUES (66,'@USAirways great job today In ruining 45 people\'s vacation. Thanks to your incompetent pilot and staff we have all now missed our flights',0,0);
INSERT INTO `user_post` (`account_ID`,`message`,`thumbs`,`is_read`) VALUES (67,'@SouthwestAir can\'t update my flight online bc it\'s been Cancelled Flighted twice already. Going on hour 2 on hold.',1,1);
INSERT INTO `user_post` (`account_ID`,`message`,`thumbs`,`is_read`) VALUES (52,'@SouthwestAir I\'m showing flight 4720 delayed again. Would my boarding pass still be good or was my seat given away?',1,1);
INSERT INTO `user_post` (`account_ID`,`message`,`thumbs`,`is_read`) VALUES (69,'@JetBlue please provide me your direct email for me to explain.',0,0);
INSERT INTO `user_post` (`account_ID`,`message`,`thumbs`,`is_read`) VALUES (70,'@SouthwestAir tried to rebook online but it says that I have to pay $200 for difference in price. Please help',1,1);
INSERT INTO `user_post` (`account_ID`,`message`,`thumbs`,`is_read`) VALUES (62,'@SouthwestAir Beautiful, thanks a ton!',2,1);
INSERT INTO `user_post` (`account_ID`,`message`,`thumbs`,`is_read`) VALUES (72,'@SouthwestAir Cancelled Flightled my flight out of BNA today. Been on hold for an hour.  #frustrat',0,0);
INSERT INTO `user_post` (`account_ID`,`message`,`thumbs`,`is_read`) VALUES (73,'“@SouthwestAir:Southwest mobile boarding passes now available in iOS Passbook! http://t.co/xmRvR4lGEg http://t.co/wJoc9f14SU”@tori_leggieri',1,1);
INSERT INTO `user_post` (`account_ID`,`message`,`thumbs`,`is_read`) VALUES (74,'@SouthwestAir Can you link the article where it says the routes and what times the routes are likely to be? Like TUL-DAL 1:00PM - 7 None',2,1);
INSERT INTO `user_post` (`account_ID`,`message`,`thumbs`,`is_read`) VALUES (75,'@USAirways I’ve had my flight Cancelled Flightled twice now, and after 5 minutes of automated questions, the phone just goes to a busy signal. Help?',0,0);
INSERT INTO `user_post` (`account_ID`,`message`,`thumbs`,`is_read`) VALUES (76,'. @USAirways It\'s been Cancelled Flighted. Your SM response is slow.',1,1);
INSERT INTO `user_post` (`account_ID`,`message`,`thumbs`,`is_read`) VALUES (77,'@SouthwestAir Hi-My flight (BNA to LGA) was Cancelled Flighted this morning--#1814. Looks like other flights out of BNA are taking off. Any chance?',2,1);
INSERT INTO `user_post` (`account_ID`,`message`,`thumbs`,`is_read`) VALUES (49,'@USAirways Almost 4 hours and coin now. Understand higher call volume, but this is unacceptable.',1,1);
INSERT INTO `user_post` (`account_ID`,`message`,`thumbs`,`is_read`) VALUES (80,'@SouthwestAir has the WORST customer service of any airline I\'ve ever flown.',2,1);
INSERT INTO `user_post` (`account_ID`,`message`,`thumbs`,`is_read`) VALUES (81,'@SouthwestAir Where should I fly by May 3rd? Plz advise.',0,0);
INSERT INTO `user_post` (`account_ID`,`message`,`thumbs`,`is_read`) VALUES (82,'@SouthwestAir trying to get through to cust relations. Is there another # to use?',1,1);
INSERT INTO `user_post` (`account_ID`,`message`,`thumbs`,`is_read`) VALUES (83,'@SouthwestAir finally!',2,1);
INSERT INTO `user_post` (`account_ID`,`message`,`thumbs`,`is_read`) VALUES (84,'@SouthwestAir + @twitter  = outstanding customer service!  Thank you!',0,0);
INSERT INTO `user_post` (`account_ID`,`message`,`thumbs`,`is_read`) VALUES (85,'@SouthwestAir tried online and told I must call b/c of modifications to my reservation. Been on hold for almost 2 hours.',1,1);
INSERT INTO `user_post` (`account_ID`,`message`,`thumbs`,`is_read`) VALUES (86,'@SouthwestAir discount for three delays?',2,1);
INSERT INTO `user_post` (`account_ID`,`message`,`thumbs`,`is_read`) VALUES (87,'@united THRILLED to have my carry-on checked against my will by two nasty gate agents only to see an entire empty bin when I boarded last...',0,0);
INSERT INTO `user_post` (`account_ID`,`message`,`thumbs`,`is_read`) VALUES (107,'@USAirways can\'t even get on hold to wait to speak to someone-awesome',2,1);
INSERT INTO `user_post` (`account_ID`,`message`,`thumbs`,`is_read`) VALUES (10,'@JetBlue to offer service from Daytona Beach to New York - Albany Business Review http://t.co/dUhBJ41jHx',1,1);
INSERT INTO `user_post` (`account_ID`,`message`,`thumbs`,`is_read`) VALUES (90,'@united You know what the United Club needs? Power. MOAR power. Insufficient outlets for the #RoadWarrior (ORD)',0,0);
INSERT INTO `user_post` (`account_ID`,`message`,`thumbs`,`is_read`) VALUES (91,'@SouthwestAir almost 2 hours on hold, 2 hours of my life I can\'t get back.... Thanks http://t.co/IyUZM2PUVS',1,1);
INSERT INTO `user_post` (`account_ID`,`message`,`thumbs`,`is_read`) VALUES (92,'@USAirways You need to contact me ASAP. #Furious',2,1);
INSERT INTO `user_post` (`account_ID`,`message`,`thumbs`,`is_read`) VALUES (93,'@SouthwestAir too bad I\'m getting this memo: \"Your reservation contains modifications that prevent you from changing it online.\" #FUSTURATED',0,0);
INSERT INTO `user_post` (`account_ID`,`message`,`thumbs`,`is_read`) VALUES (63,'@USAirways it was supposed to be a carry on and in Pittsburgh  coming to Boston it was a carry on',0,0);
INSERT INTO `user_post` (`account_ID`,`message`,`thumbs`,`is_read`) VALUES (96,'@united didn\'t get her name. She was not in our group. She was sitting behind us. Think it was window seat #40? We only overheard...',0,0);
INSERT INTO `user_post` (`account_ID`,`message`,`thumbs`,`is_read`) VALUES (97,'Yes, I filed a report in Atlanta. My bags are in Charlotte, NC. 24 hours Late Flightr and still can\'t find my luggage ... @USAirways',1,1);
INSERT INTO `user_post` (`account_ID`,`message`,`thumbs`,`is_read`) VALUES (98,'@SouthwestAir  Thank you.',2,1);
INSERT INTO `user_post` (`account_ID`,`message`,`thumbs`,`is_read`) VALUES (99,'@USAirways it takes a month?',0,0);
INSERT INTO `user_post` (`account_ID`,`message`,`thumbs`,`is_read`) VALUES (100,'@USAirways thanks for the reply, hoping everything is cleared up in Charlotte by Monday',1,1);
INSERT INTO `user_post` (`account_ID`,`message`,`thumbs`,`is_read`) VALUES (101,'@USAirways @AmericanAir you make Spirit look like the gem of air travel. You haven\'t handle this winter storm very well...',2,1);
INSERT INTO `user_post` (`account_ID`,`message`,`thumbs`,`is_read`) VALUES (102,'@JetBlue what\'s the link for #FlyFi',0,0);
INSERT INTO `user_post` (`account_ID`,`message`,`thumbs`,`is_read`) VALUES (103,'.@united nothing apparently. I\'ve flown w/ you 4 times in last 3 weeks and 3 of those experiences (incl today) were clusterfucks.',1,1);
INSERT INTO `user_post` (`account_ID`,`message`,`thumbs`,`is_read`) VALUES (104,'“@VirginAmerica: Book out of town with fares from $59/way (+restr). http://t.co/xRdTOV7nl8 http://t.co/4Y78byAckc” @JenniferDawnPro',2,1);
INSERT INTO `user_post` (`account_ID`,`message`,`thumbs`,`is_read`) VALUES (105,'@USAirways your chairmans phone is down. what other number can i use?',0,0);
INSERT INTO `user_post` (`account_ID`,`message`,`thumbs`,`is_read`) VALUES (106,'@USAirways How soon is possible? I boarded the plane the 1st time at 6:30 am and it is now after 11:30 am and I\'m still where I started.',1,1);
INSERT INTO `user_post` (`account_ID`,`message`,`thumbs`,`is_read`) VALUES (107,'@USAirways  well its 11:45am and just got an email that my 11am flight is delayed-thats not right',2,1);
INSERT INTO `user_post` (`account_ID`,`message`,`thumbs`,`is_read`) VALUES (108,'@united why am i mot getting my refund?',0,0);
INSERT INTO `user_post` (`account_ID`,`message`,`thumbs`,`is_read`) VALUES (109,'@JetBlue Can\'t view seat selection/change seat for flight tomorrow. Can you look into this?',1,1);
INSERT INTO `user_post` (`account_ID`,`message`,`thumbs`,`is_read`) VALUES (107,'@USAirways  thanks I hope I get to my destination',2,1);
INSERT INTO `user_post` (`account_ID`,`message`,`thumbs`,`is_read`) VALUES (94,'@JetBlue Thank you!',1,1);
INSERT INTO `user_post` (`account_ID`,`message`,`thumbs`,`is_read`) VALUES (102,'@JetBlue thank you!! Miss you all so so much!! Is this the link to the blog? Or has that changed?',0,0);
INSERT INTO `user_post` (`account_ID`,`message`,`thumbs`,`is_read`) VALUES (28,'@JetBlue\'s new CEO seeks the right balance to please passengers and Wall ... - Daily Journal http://t.co/w8MTmSP2RY',1,1);
INSERT INTO `user_post` (`account_ID`,`message`,`thumbs`,`is_read`) VALUES (66,'@USAirways no we haven\'t because we\'ve been in the same line at the service desk for an 1hr and 1/2 now in the same spot.',0,0);
INSERT INTO `user_post` (`account_ID`,`message`,`thumbs`,`is_read`) VALUES (101,'@USAirways I did and it\'s been a disaster. You had me sitting on the runway only to bring the plane back to the gate smh',2,1);
INSERT INTO `user_post` (`account_ID`,`message`,`thumbs`,`is_read`) VALUES (101,'@USAirways you have the ability to switch my flight to @AmericanAir but you cannot tell me where my bags are.',2,1);
INSERT INTO `user_post` (`account_ID`,`message`,`thumbs`,`is_read`) VALUES (101,'@USAirways I expect something more than telling me to see an agent to rebook my flight...',2,1);
INSERT INTO `user_post` (`account_ID`,`message`,`thumbs`,`is_read`) VALUES (101,'@USAirways your customer service is horrible',2,1);
INSERT INTO `user_post` (`account_ID`,`message`,`thumbs`,`is_read`) VALUES (86,'@SouthwestAir sent',2,1);
INSERT INTO `user_post` (`account_ID`,`message`,`thumbs`,`is_read`) VALUES (74,'@SouthwestAir I\'ve been on hold for an hour now. 59:57 as I type this. Ridiculous! All I need is the link to the chart that has routes, time',2,1);
INSERT INTO `user_post` (`account_ID`,`message`,`thumbs`,`is_read`) VALUES (76,'@USAirways No kidding. Oy.',1,1);
INSERT INTO `user_post` (`account_ID`,`message`,`thumbs`,`is_read`) VALUES (70,'@USAirways Thanks for the info but have been trying for over 24hrs and no luck. Flight dep. Today. Need 2 change 2 tomorrow or Thursday',1,1);
INSERT INTO `user_post` (`account_ID`,`message`,`thumbs`,`is_read`) VALUES (92,'@USAirways This is dating back to Nov. I have been sent back and forth between you and @eDreams_en. It\'s a disgrace.',2,1);
INSERT INTO `user_post` (`account_ID`,`message`,`thumbs`,`is_read`) VALUES (107,'@USAirways  to arrive the plane I\'m sitting on needs to take off...wish someone would tell us what the holdup is',2,1);
INSERT INTO `user_post` (`account_ID`,`message`,`thumbs`,`is_read`) VALUES (96,'@united actually we did not consider she might have made a mistake. She did not complain beyond that she indicated it on her reservation.',0,0);
INSERT INTO `user_post` (`account_ID`,`message`,`thumbs`,`is_read`) VALUES (31,'@united No but u cld explain how such a disorganized and inefficient company w surly and obviously unhappy employees stays in business.',1,1);
INSERT INTO `user_post` (`account_ID`,`message`,`thumbs`,`is_read`) VALUES (96,'@united +what took me aback was the response by the flight attendant, who put the responsibility squarely back on passenger\'s shoulders. +',0,0);
INSERT INTO `user_post` (`account_ID`,`message`,`thumbs`,`is_read`) VALUES (96,'@united BTW is it true you have to remind flight staff after checking in even after indicating meal prefer on your reservation? +',0,0);
INSERT INTO `user_post` (`account_ID`,`message`,`thumbs`,`is_read`) VALUES (106,'@USAirways flight #3900 fro ORF to PHL.',1,1);
INSERT INTO `user_post` (`account_ID`,`message`,`thumbs`,`is_read`) VALUES (77,'@SouthwestAir Got it, thanks. Any insight into what will happen tomorrow?',2,1);
INSERT INTO `user_post` (`account_ID`,`message`,`thumbs`,`is_read`) VALUES (96,'@united + that\'s the gist of what the flight attendant told her.',0,0);
INSERT INTO `user_post` (`account_ID`,`message`,`thumbs`,`is_read`) VALUES (96,'@united no worries about the tweets. We all should do what we can to make sure we, as in your tag line, \"Fly the Friendly Skies.\"',0,0);
INSERT INTO `user_post` (`account_ID`,`message`,`thumbs`,`is_read`) VALUES (69,'@JetBlue I do not want to deal with your customer service agents with no practical knowledge.Provide me with a direct contact.',0,0);
INSERT INTO `user_post` (`account_ID`,`message`,`thumbs`,`is_read`) VALUES (70,'@USAirways I can\'t believe that you would refer me to a number no one seems to be getting through. Really? I need help ASAP!',1,1);
INSERT INTO `user_post` (`account_ID`,`message`,`thumbs`,`is_read`) VALUES (70,'@USAirways How can I change without penalty and not have to call customer service',1,1);
INSERT INTO `user_post` (`account_ID`,`message`,`thumbs`,`is_read`) VALUES (96,'@united @FlyANA_official pleasantly surprised to find ANA has made major upgrades on their transpacific route in flights, planes and service',0,0);
INSERT INTO `user_post` (`account_ID`,`message`,`thumbs`,`is_read`) VALUES (96,'@united + UA has been rolling out improvements too, we think. Hoping they\'ll catch up soon? Meantime, ANA is our preference!',0,0);
INSERT INTO `user_post` (`account_ID`,`message`,`thumbs`,`is_read`) VALUES (96,'@united that\'s what I thought! Thanks for the clarification!',0,0);
INSERT INTO `user_post` (`account_ID`,`message`,`thumbs`,`is_read`) VALUES (28,'@JetBlue\'s CEO Battles to Appease Passengers and Wall Street - http://t.co/frrfxCCw7Z http://t.co/nKlW9SsVRQ',1,1);
INSERT INTO `user_post` (`account_ID`,`message`,`thumbs`,`is_read`) VALUES (93,'@SouthwestAir no flights out of #nashville today? Are you kidding me?!?! Why are other airlines flying and you\'re not?! So frustrated!!',0,0);
INSERT INTO `user_post` (`account_ID`,`message`,`thumbs`,`is_read`) VALUES (52,'@SouthwestAir myself and 2 others',1,1);
INSERT INTO `user_post` (`account_ID`,`message`,`thumbs`,`is_read`) VALUES (22,'@united I was denied use of a rear facing car seat on UA5025, an ERJ145. Can you confirm the actual policy?',1,1);
INSERT INTO `user_post` (`account_ID`,`message`,`thumbs`,`is_read`) VALUES (52,'@SouthwestAir the 5:50 is sold out too?',1,1);
INSERT INTO `user_post` (`account_ID`,`message`,`thumbs`,`is_read`) VALUES (66,'@USAirways any tips on getting a hotel that your airline won\'t get for any of us even though we were told that we\'d make our flight?',0,0);
INSERT INTO `user_post` (`account_ID`,`message`,`thumbs`,`is_read`) VALUES (91,'@SouthwestAir thank you, someone finally answered and was able to change my flight that was Cancelled Flighted bc of ice. Thank you for response',1,1);
INSERT INTO `user_post` (`account_ID`,`message`,`thumbs`,`is_read`) VALUES (59,'@united Not fast enough.  No excuse for service between big hubs to have such outdated craft. Southwest has wifi. This is awful.',2,1);
INSERT INTO `user_post` (`account_ID`,`message`,`thumbs`,`is_read`) VALUES (91,'@SouthwestAir always when I fly SW. #loyalRRmember',1,1);
INSERT INTO `user_post` (`account_ID`,`message`,`thumbs`,`is_read`) VALUES (10,'@JetBlue CEO battles to please Wall St and flyers - from @NZherald http://t.co/Q4Amiw7FSw',1,1);
INSERT INTO `user_post` (`account_ID`,`message`,`thumbs`,`is_read`) VALUES (99,'@USAirways I believe you. But in all seriousness, what\'s an acceptable time I should have this expense on my name that wasn\'t my fault....',0,0);
INSERT INTO `user_post` (`account_ID`,`message`,`thumbs`,`is_read`) VALUES (86,'@SouthwestAir followed.',2,1);
INSERT INTO `user_post` (`account_ID`,`message`,`thumbs`,`is_read`) VALUES (18,'@SouthwestAir no worries. We got thru eventually. I was just curious. Best of luck to you dealing with the weather!',0,0);
INSERT INTO `user_post` (`account_ID`,`message`,`thumbs`,`is_read`) VALUES (10,'@JetBlue\'s new CEO seeks the right balance to please passengers and Wall ... - Weyburn Review http://t.co/rtQyjCvTQ3',1,1);
INSERT INTO `user_post` (`account_ID`,`message`,`thumbs`,`is_read`) VALUES (63,'@USAirways then why did my whole team be able to put there carry ons under the plane',0,0);
INSERT INTO `user_post` (`account_ID`,`message`,`thumbs`,`is_read`) VALUES (57,'@SouthwestAir is there a problem with the website? I tried making changes w/ the app and the site but got \"unspecified errors\"',0,0);
INSERT INTO `user_post` (`account_ID`,`message`,`thumbs`,`is_read`) VALUES (107,'@USAirways  my flight was #3729...but I left my phone on the plane or the shuttle :(',2,1);
INSERT INTO `user_post` (`account_ID`,`message`,`thumbs`,`is_read`) VALUES (57,'@SouthwestAir was earlier, for reFlight Booking Problems flight I\'m on now. Didn\'t get a screencap, just said \"unspecified error\" and to call SWA',0,0);
INSERT INTO `user_post` (`account_ID`,`message`,`thumbs`,`is_read`) VALUES (67,'@SouthwestAir thanks, got put on the am flight tomorrow.  Don\'t have much faith it\'ll get off the ground tomorrow though.',1,1);
INSERT INTO `user_post` (`account_ID`,`message`,`thumbs`,`is_read`) VALUES (10,'@JetBlue\'s new CEO seeks the right balance to please passengers and Wall ... - Times Colonist http://t.co/NzDXRvszWv',1,1);
INSERT INTO `user_post` (`account_ID`,`message`,`thumbs`,`is_read`) VALUES (14,'@SouthwestAir haha...yeah i did, just making a joke',2,1);
INSERT INTO `user_post` (`account_ID`,`message`,`thumbs`,`is_read`) VALUES (10,'@JetBlue Airways Short Interest Down 3.5% in January (JBLU) - sleekmoney http://t.co/znsUjP86Bv',1,1);
INSERT INTO `user_post` (`account_ID`,`message`,`thumbs`,`is_read`) VALUES (108,'@united i got email that my reservations got Cancelled Flightled and i will be refunded.  Nothing got refunded as of yet',0,0);
INSERT INTO `user_post` (`account_ID`,`message`,`thumbs`,`is_read`) VALUES (107,'@USAirways after missing my flight and reFlight Booking Problems 2x, I just walked onto another flight and my phone was still on the seat!!',2,1);
INSERT INTO `user_post` (`account_ID`,`message`,`thumbs`,`is_read`) VALUES (10,'@JetBlue\'s new CEO Robin Hayes battles to appease passengers and Wall Street - Business In Savannah http://t.co/KKAY8XaPs1',1,1);
INSERT INTO `user_post` (`account_ID`,`message`,`thumbs`,`is_read`) VALUES (66,'@USAirways nice touch with using my first name.  Very intimate.  I\'ll be filing a claim soon to be reimbursed. Have a us airways day!',0,0);
INSERT INTO `user_post` (`account_ID`,`message`,`thumbs`,`is_read`) VALUES (50,'@united thank you! ð',2,1);
INSERT INTO `user_post` (`account_ID`,`message`,`thumbs`,`is_read`) VALUES (10,'@JetBlue Airways Adds New Charter #Flight to Cuba - #Travel Wires (blog) http://t.co/Swb1gR57Cc',1,1);
INSERT INTO `user_post` (`account_ID`,`message`,`thumbs`,`is_read`) VALUES (10,'@JetBlue Airways Sees Significant Drop in Short Interest (JBLU) - Mideast Time http://t.co/SSBaUJtOuW',1,1);
INSERT INTO `user_post` (`account_ID`,`message`,`thumbs`,`is_read`) VALUES (35,'@SouthwestAir I did but it only shows one flight one way. When I try to go to the home page and book roundtrip there\'s nothing available :(',2,1);
INSERT INTO `user_post` (`account_ID`,`message`,`thumbs`,`is_read`) VALUES (10,'@JetBlue\'s CEO battles to appease passengers and Wall Street - http://t.co/uy28D1UEgX http://t.co/vJFV7KSGcQ',1,1);
INSERT INTO `user_post` (`account_ID`,`message`,`thumbs`,`is_read`) VALUES (93,'@SouthwestAir how are flights looking for tomorrow morning from #Nashville (BNA) to Fort Lauderdale (FLL) ?!',0,0);
INSERT INTO `user_post` (`account_ID`,`message`,`thumbs`,`is_read`) VALUES (82,'@SouthwestAir no, thanks. I think we have it straight!',1,1);
INSERT INTO `user_post` (`account_ID`,`message`,`thumbs`,`is_read`) VALUES (10,'@JetBlue Accepting #Apple Pay - Mobile Enterprise http://t.co/Ci5cfrlqBe',1,1);
INSERT INTO `user_post` (`account_ID`,`message`,`thumbs`,`is_read`) VALUES (10,'@JetBlue becomes first #airline to accept #Apple Pay - Future #Travel Experience http://t.co/czOr4nyh9n',1,1);
INSERT INTO `user_post` (`account_ID`,`message`,`thumbs`,`is_read`) VALUES (37,'@SouthwestAir Yeah, we figured it out.  Thanks.',1,1);
INSERT INTO `user_post` (`account_ID`,`message`,`thumbs`,`is_read`) VALUES (10,'@JetBlue\'s new CEO seeks the right balance to please passengers and Wall ... - Alaska Highway News http://t.co/tynchOeLac',1,1);
INSERT INTO `user_post` (`account_ID`,`message`,`thumbs`,`is_read`) VALUES (10,'@JetBlue\'s new CEO seeks the right balance to please passengers and Wall ... - Daily Journal http://t.co/bTb4awQtln',1,1);
INSERT INTO `user_post` (`account_ID`,`message`,`thumbs`,`is_read`) VALUES (10,'@JetBlue Celebrates 15-Year Anniversary With New Livery - Digital Journal http://t.co/U5HXri6Crx',1,1);
INSERT INTO `user_post` (`account_ID`,`message`,`thumbs`,`is_read`) VALUES (10,'@JetBlue Change in the Air for Travelers, Investors - @BloombergNews http://t.co/6redD3vC73',1,1);
INSERT INTO `user_post` (`account_ID`,`message`,`thumbs`,`is_read`) VALUES (10,'@JetBlue\'s CEO Battles to Appease Passengers and Wall Street - http://t.co/E5NaxBUe4s http://t.co/E1Mex0t6Q5',1,1);
INSERT INTO `user_post` (`account_ID`,`message`,`thumbs`,`is_read`) VALUES (10,'@JetBlue marks 15th birthday with \'Blumanity\' paint job - @Dallas_News (blog) http://t.co/lFGR0Nifut',1,1);
INSERT INTO `user_post` (`account_ID`,`message`,`thumbs`,`is_read`) VALUES (10,'@JetBlue to End Partnership with American Express - http://t.co/WhuFmI2Ytd http://t.co/fbTEMFwRsP',1,1);
INSERT INTO `user_post` (`account_ID`,`message`,`thumbs`,`is_read`) VALUES (10,'@JetBlue Dumps Amex - Nassau News Live http://t.co/DZg99JFIiK',1,1);
INSERT INTO `user_post` (`account_ID`,`message`,`thumbs`,`is_read`) VALUES (10,'@JetBlue Celebrates 15-Year Anniversary With New Livery - @CNNMoney http://t.co/p7skxZVe1A',1,1);
INSERT INTO `user_post` (`account_ID`,`message`,`thumbs`,`is_read`) VALUES (10,'@JetBlue to Increase Charter Service to Cuba - #Travel Agent http://t.co/lYQrb4HCYU',1,1);
INSERT INTO `user_post` (`account_ID`,`message`,`thumbs`,`is_read`) VALUES (10,'@JetBlue marks 15th year with new \"Bluemanity\" plane design - Sun Sentinel http://t.co/SjVEelween',1,1);
INSERT INTO `user_post` (`account_ID`,`message`,`thumbs`,`is_read`) VALUES (10,'@JetBlue\'s CEO #pilots among ardent fans, Wall Street - Poughkeepsie Journal http://t.co/FRhuXiB8II',1,1);
INSERT INTO `user_post` (`account_ID`,`message`,`thumbs`,`is_read`) VALUES (109,'@JetBlue 1951 BOS to ORD',1,1);
INSERT INTO `user_post` (`account_ID`,`message`,`thumbs`,`is_read`) VALUES (10,'@JetBlue\'s CEO battles to appease passengers and Wall Street - Waterbury Republican American http://t.co/5t4FpCGREJ',1,1);
INSERT INTO `user_post` (`account_ID`,`message`,`thumbs`,`is_read`) VALUES (109,'@JetBlue Oh no! I thought it did. :(',1,1);
INSERT INTO `user_post` (`account_ID`,`message`,`thumbs`,`is_read`) VALUES (109,'@JetBlue When I checked yesterday it looked like it did. Did something change?',1,1);
INSERT INTO `user_post` (`account_ID`,`message`,`thumbs`,`is_read`) VALUES (10,'@JetBlue Airways Sees Significant Decline in Short Interest (JBLU) - WKRB News http://t.co/lZFGUTxIYN',1,1);
INSERT INTO `user_post` (`account_ID`,`message`,`thumbs`,`is_read`) VALUES (10,'@JetBlue Statement on #Lufthansa Incentive Offer - Stockhouse http://t.co/obF9jbPc6A',1,1);
INSERT INTO `user_post` (`account_ID`,`message`,`thumbs`,`is_read`) VALUES (10,'@JetBlue Airways Corporation Registers High Short Interest - Wall Street Pulse http://t.co/hXSnv7fbbh',1,1);
INSERT INTO `user_post` (`account_ID`,`message`,`thumbs`,`is_read`) VALUES (10,'@JetBlue Says #Lufthansa Incentive Offer To Have No Impact On Share Count - Nasdaq http://t.co/VU7XSWJKiY',1,1);
INSERT INTO `user_post` (`account_ID`,`message`,`thumbs`,`is_read`) VALUES (107,'@USAirways  thanks! Now I just need to locate where my luggage is!',2,1);
INSERT INTO `user_post` (`account_ID`,`message`,`thumbs`,`is_read`) VALUES (107,'@USAirways  I have 3 times and no one has been able to help me out',2,1);
INSERT INTO `user_post` (`account_ID`,`message`,`thumbs`,`is_read`) VALUES (10,'@JetBlue to allow payment by #Apple Pay - Patriarc http://t.co/bdUaUZFhW2',1,1);
INSERT INTO `user_post` (`account_ID`,`message`,`thumbs`,`is_read`) VALUES (90,'@united Not sure what happened @ MSP yesterday, but VERY UNHAPPY my bag was not only delayed, but sat at MSP for 8 hrs b4 delivery @ 2:30 am',0,0);
INSERT INTO `user_post` (`account_ID`,`message`,`thumbs`,`is_read`) VALUES (10,'@JetBlue Airways Corporation Price Target Update - Stafford Daily http://t.co/vQmdmZaFUJ',1,1);
INSERT INTO `user_post` (`account_ID`,`message`,`thumbs`,`is_read`) VALUES (10,'@JetBlue Airways Corporation (JBLU) loses -0.06% on news that @JetBlue Airways ... - WallStreet Scope http://t.co/oFW4A8b5WS',1,1);
INSERT INTO `user_post` (`account_ID`,`message`,`thumbs`,`is_read`) VALUES (109,'@JetBlue Headphone jack not working on my flight.',1,1);
INSERT INTO `user_post` (`account_ID`,`message`,`thumbs`,`is_read`) VALUES (109,'@JetBlue Flight is 100% full.',1,1);
INSERT INTO `user_post` (`account_ID`,`message`,`thumbs`,`is_read`) VALUES (107,'@USAirways I\'m sorry as well. It\'s been 24 hrs without my bag and I can\'t get a straight answers. I\'m on call #6 for today.',2,1);
INSERT INTO `user_post` (`account_ID`,`message`,`thumbs`,`is_read`) VALUES (107,'@USAirways so far I\'ve gotten six different answers',2,1);
INSERT INTO `user_post` (`account_ID`,`message`,`thumbs`,`is_read`) VALUES (10,'@JetBlue Statement on #Lufthansa Incentive Offer - Digital Journal http://t.co/GqP69g9ZGW',1,1);
INSERT INTO `user_post` (`account_ID`,`message`,`thumbs`,`is_read`) VALUES (109,'@JetBlue Flight 1951. Bags haven\'t come and we landed 30 minutes ago.',1,1);
INSERT INTO `user_post` (`account_ID`,`message`,`thumbs`,`is_read`) VALUES (109,'@JetBlue Found someone to ask. No answers. Landed almost 40 minutes ago.',1,1);
INSERT INTO `user_post` (`account_ID`,`message`,`thumbs`,`is_read`) VALUES (109,'@JetBlue Finally starting to come out. 40 minutes and no communication is not acceptable. Letting me down today.',1,1);
INSERT INTO `user_post` (`account_ID`,`message`,`thumbs`,`is_read`) VALUES (109,'@JetBlue Every crew member I dealt with in Orlando was incredibly rude. I\'m actually pretty disgusted with JetBlue right now.',1,1);
INSERT INTO `user_post` (`account_ID`,`message`,`thumbs`,`is_read`) VALUES (10,'@JetBlue Marks 15th Year With \'Bluemanity\' Plane Design - http://t.co/E5NaxBUe4s http://t.co/KlxivnbCYh',1,1);
INSERT INTO `user_post` (`account_ID`,`message`,`thumbs`,`is_read`) VALUES (10,'@JetBlue unveils new \'Bluemanity\' livery - USA TODAY http://t.co/ueGgKN79zA',1,1);
INSERT INTO `user_post` (`account_ID`,`message`,`thumbs`,`is_read`) VALUES (10,'@JetBlue Airways Reveals \'Bluemanity\' Livery - TravelPulse http://t.co/fTTfyFMvCO',1,1);
INSERT INTO `user_post` (`account_ID`,`message`,`thumbs`,`is_read`) VALUES (10,'@JetBlue\'s CEO battles to appease passengers and Wall Street - @TheVDT http://t.co/h6cE3mWCqj',1,1);
INSERT INTO `user_post` (`account_ID`,`message`,`thumbs`,`is_read`) VALUES (10,'@JetBlue Gains Altitude, But SkyWest Hits Turbulence JBLU SKYW - Investor\'s Business Daily http://t.co/P2HUM7lXUR',1,1);
INSERT INTO `user_post` (`account_ID`,`message`,`thumbs`,`is_read`) VALUES (108,'@united hi.I am still waiting for the refund. This is ridiculous.Or u approve my tickets or u give me a refund.Please advise wht is going on',0,0);
INSERT INTO `user_post` (`account_ID`,`message`,`thumbs`,`is_read`) VALUES (22,'@united still waiting for a response on whether or not you allow use of a rear facing car seat on an ERJ145.',1,1);
INSERT INTO `user_post` (`account_ID`,`message`,`thumbs`,`is_read`) VALUES (10,'@JetBlue\'s CEO battles to appease passengers and Wall Street - Waterbury Republican American http://t.co/5fmipW9dhi',1,1);
INSERT INTO `user_post` (`account_ID`,`message`,`thumbs`,`is_read`) VALUES (10,'@JetBlue Airways Receives New Coverage from Analysts at Bank of America (JBLU) - The Legacy http://t.co/dORuxBqla1',1,1);
INSERT INTO `user_post` (`account_ID`,`message`,`thumbs`,`is_read`) VALUES (10,'@JetBlue Has D.C. Thinking About Summer With New Nantucket Service - Digital Journal http://t.co/urcyfcp2Lx',1,1);
INSERT INTO `user_post` (`account_ID`,`message`,`thumbs`,`is_read`) VALUES (10,'@JetBlue Has D.C. Thinking About Summer With New Nantucket Service - SYS-CON Media (PR) http://t.co/ZoFWLdQXbe',1,1);
INSERT INTO `user_post` (`account_ID`,`message`,`thumbs`,`is_read`) VALUES (10,'@JetBlue Airways Corporation (NASDAQ:JBLU) Update: @JetBlue says #Lufthansa ... - Markets Bureau http://t.co/aPY3zLSqUu',1,1);
INSERT INTO `user_post` (`account_ID`,`message`,`thumbs`,`is_read`) VALUES (10,'@JetBlue and The from @WSJ Team to Offer In-#Flight Access to Journal ... - Digital Journal http://t.co/2Nzh3QOaZo',1,1);
INSERT INTO `user_post` (`account_ID`,`message`,`thumbs`,`is_read`) VALUES (10,'@JetBlue and The from @WSJ Team to Offer In-#Flight Access to Journal ... - Nassau News Live http://t.co/7E5bxwG16t',1,1);
INSERT INTO `user_post` (`account_ID`,`message`,`thumbs`,`is_read`) VALUES (10,'@JetBlue Has DC Thinking About Summer With New Nantucket Service - @MarketWatch http://t.co/yI4wGUk5tr',1,1);
INSERT INTO `user_post` (`account_ID`,`message`,`thumbs`,`is_read`) VALUES (10,'@JetBlue Airways Hits New 12-Month High at $17.58 (JBLU) - WKRB News http://t.co/XvBjCzlMDA',1,1);
INSERT INTO `user_post` (`account_ID`,`message`,`thumbs`,`is_read`) VALUES (28,'@JetBlue\'s CEO #pilots among ardent fans, Wall Street - Poughkeepsie Journal http://t.co/zSdGzyDNDe',1,1);
INSERT INTO `user_post` (`account_ID`,`message`,`thumbs`,`is_read`) VALUES (10,'@JetBlue and The from @WSJ Team to Offer In-#Flight Access to Journal ... - Broadway World http://t.co/AsYqE1tDjp',1,1);
INSERT INTO `user_post` (`account_ID`,`message`,`thumbs`,`is_read`) VALUES (10,'@JetBlue Has D.C. Thinking About Summer With New Nantucket Service - Broadway World http://t.co/dS22ceeEnj',1,1);



INSERT INTO `Follower` (`account_ID`,`account_Name`,`follower_ID`,`follower_Name`) VALUES (10,'JetBlueNews',8,'bawang2');
INSERT INTO `Follower` (`account_ID`,`account_Name`,`follower_ID`,`follower_Name`) VALUES (20,'markhlyon',18,'mrshossruns');
INSERT INTO `Follower` (`account_ID`,`account_Name`,`follower_ID`,`follower_Name`) VALUES (25,'rjp1208',23,'gwaki');
INSERT INTO `Follower` (`account_ID`,`account_Name`,`follower_ID`,`follower_Name`) VALUES (30,'twinkletaters',28,'BritishAirNews');
INSERT INTO `Follower` (`account_ID`,`account_Name`,`follower_ID`,`follower_Name`) VALUES (35,'Tinygami',33,'DonnyYardas');
INSERT INTO `Follower` (`account_ID`,`account_Name`,`follower_ID`,`follower_Name`) VALUES (40,'MMKuderka',38,'kabell87');
INSERT INTO `Follower` (`account_ID`,`account_Name`,`follower_ID`,`follower_Name`) VALUES (45,'scherzva',43,'elowthers');
INSERT INTO `Follower` (`account_ID`,`account_Name`,`follower_ID`,`follower_Name`) VALUES (50,'Jamie_Fisher886',48,'Raven_TheGreat');
INSERT INTO `Follower` (`account_ID`,`account_Name`,`follower_ID`,`follower_Name`) VALUES (55,'lauralscott',53,'CBSsoxfan');
INSERT INTO `Follower` (`account_ID`,`account_Name`,`follower_ID`,`follower_Name`) VALUES (65,'MyMissus',63,'Jack_Kairys');
INSERT INTO `Follower` (`account_ID`,`account_Name`,`follower_ID`,`follower_Name`) VALUES (75,'DaFuente',73,'momof43s');
INSERT INTO `Follower` (`account_ID`,`account_Name`,`follower_ID`,`follower_Name`) VALUES (85,'faithfabulous',83,'christooma');
INSERT INTO `Follower` (`account_ID`,`account_Name`,`follower_ID`,`follower_Name`) VALUES (100,'Forsyth_Factor',98,'tonyapoe');
INSERT INTO `Follower` (`account_ID`,`account_Name`,`follower_ID`,`follower_Name`) VALUES (105,'crshipferling',103,'kat_volk');



INSERT INTO Follow_Tag ( `tag_Name`, `account_ID` ) VALUES('Sports',10), ('Life',10), ('Study',20), ('Food',25), ('Attraction',30), ('Restaurant',35), ('Social',40), ('Weather',45);



insert into Post_Tag(tag_name, post_ID)
select tag_name, post_ID
from user_post t1
INNER JOIN Follow_Tag t2 using (account_ID)
LIMIT 10;